<linker>
  <assembly fullname="Assembly-CSharp, Version=0.0.0.0, Culture=neutral, PublicKeyToken=null">
    <type fullname="Bomb" preserve="all" />
    <type fullname="BonusIndex" preserve="all" />
    <type fullname="BonusOpenNeighbours" preserve="all" />
    <type fullname="BonusSaveHintLetter" preserve="all" />
    <type fullname="ButtonBomb" preserve="all" />
    <type fullname="ButtonDirectory" preserve="all" />
    <type fullname="ButtonFlask" preserve="all" />
    <type fullname="ButtonFrequency" preserve="all" />
    <type fullname="ButtonLighting" preserve="all" />
    <type fullname="ButtonShuffle" preserve="all" />
    <type fullname="ButtonStar" preserve="all" />
    <type fullname="CharArea" preserve="all" />
    <type fullname="CharMB" preserve="all" />
    <type fullname="ChoosedCharMB" preserve="all" />
    <type fullname="ChoosedWordMB" preserve="all" />
    <type fullname="Coin" preserve="all" />
    <type fullname="DialogLevel" preserve="all" />
    <type fullname="Frequency" preserve="all" />
    <type fullname="GameBonus" preserve="all" />
    <type fullname="GameButton" preserve="all" />
    <type fullname="GameEntity" preserve="all" />
    <type fullname="GameTheme" preserve="all" />
    <type fullname="HiddenCharMB" preserve="all" />
    <type fullname="HiddenWordMB" preserve="all" />
    <type fullname="InitUserWindow" preserve="all" />
    <type fullname="Letter" preserve="all" />
    <type fullname="LevelManager" preserve="all" />
    <type fullname="Lighting" preserve="all" />
    <type fullname="LineManager" preserve="all" />
    <type fullname="ManagerHiddenWords" preserve="all" />
    <type fullname="Message" preserve="all" />
    <type fullname="Star" preserve="all" />
    <type fullname="Stat" preserve="all" />
    <type fullname="TopSide" preserve="all" />
    <type fullname="UIApp" preserve="all" />
    <type fullname="UIDashboard" preserve="all" />
    <type fullname="UIDialog" preserve="all" />
    <type fullname="UIDirectory" preserve="all" />
    <type fullname="UIGameBar" preserve="all" />
    <type fullname="UILoaderScreen" preserve="all" />
    <type fullname="UISettings" preserve="all" />
    <type fullname="UIShop" preserve="all" />
    <type fullname="TextLocalize" preserve="nothing" serialized="true" />
    <type fullname="TypeBonus" preserve="nothing" serialized="true" />
    <type fullname="TypeEntity" preserve="nothing" serialized="true" />
    <type fullname="SerializableDictionary`2[System.String,HiddenWordMB]" preserve="nothing" serialized="true" />
    <type fullname="SerializableDictionary`2[UnityEngine.Vector2,System.String]" preserve="nothing" serialized="true" />
    <type fullname="SerializeEntity" preserve="nothing" serialized="true" />
  </assembly>
  <assembly fullname="Unity.Addressables, Version=0.0.0.0, Culture=neutral, PublicKeyToken=null" preserve="all">
    <type fullname="UnityEngine.AddressableAssets.Addressables" preserve="all" />
    <type fullname="UnityEngine.AddressableAssets.AssetReferenceGameObject" preserve="nothing" serialized="true" />
  </assembly>
  <assembly fullname="Unity.Localization, Version=0.0.0.0, Culture=neutral, PublicKeyToken=null">
    <type fullname="UnityEngine.Localization.Components.LocalizeStringEvent" preserve="all" />
    <type fullname="UnityEngine.Localization.Locale" preserve="all" />
    <type fullname="UnityEngine.Localization.Tables.SharedTableData" preserve="all" />
    <type fullname="UnityEngine.Localization.Tables.StringTable" preserve="all" />
    <type fullname="UnityEngine.Localization.Events.UnityEventString" preserve="nothing" serialized="true" />
    <type fullname="UnityEngine.Localization.LocalizedString" preserve="nothing" serialized="true" />
    <type fullname="UnityEngine.Localization.LocalizedStringTable" preserve="nothing" serialized="true" />
    <type fullname="UnityEngine.Localization.Tables.TableEntryReference" preserve="nothing" serialized="true" />
    <type fullname="UnityEngine.Localization.Tables.TableReference" preserve="nothing" serialized="true" />
    <type fullname="UnityEngine.Localization.LocaleIdentifier" preserve="nothing" serialized="true" />
    <type fullname="UnityEngine.Localization.Metadata.MetadataCollection" preserve="nothing" serialized="true" />
    <type fullname="UnityEngine.Localization.Tables.DistributedUIDGenerator" preserve="nothing" serialized="true" />
    <type fullname="UnityEngine.Localization.Tables.SharedTableData/SharedTableEntry" preserve="nothing" serialized="true" />
    <type fullname="UnityEngine.Localization.Metadata.SmartFormatTag" preserve="nothing" serialized="true" />
    <type fullname="UnityEngine.Localization.Tables.TableEntryData" preserve="nothing" serialized="true" />
  </assembly>
  <assembly fullname="Unity.ResourceManager, Version=0.0.0.0, Culture=neutral, PublicKeyToken=null" preserve="all">
    <type fullname="UnityEngine.ResourceManagement.ResourceProviders.AssetBundleProvider" preserve="all" />
    <type fullname="UnityEngine.ResourceManagement.ResourceProviders.BundledAssetProvider" preserve="all" />
    <type fullname="UnityEngine.ResourceManagement.ResourceProviders.InstanceProvider" preserve="all" />
    <type fullname="UnityEngine.ResourceManagement.ResourceProviders.LegacyResourcesProvider" preserve="all" />
    <type fullname="UnityEngine.ResourceManagement.ResourceProviders.SceneProvider" preserve="all" />
  </assembly>
  <assembly fullname="Unity.TextMeshPro, Version=0.0.0.0, Culture=neutral, PublicKeyToken=null">
    <type fullname="TMPro.TextMeshProUGUI" preserve="all" />
    <type fullname="TMPro.TMP_FontAsset" preserve="all" />
    <type fullname="TMPro.TMP_Settings" preserve="all" />
    <type fullname="TMPro.TMP_SpriteAsset" preserve="all" />
    <type fullname="TMPro.TMP_StyleSheet" preserve="all" />
    <type fullname="TMPro.FaceInfo_Legacy" preserve="nothing" serialized="true" />
    <type fullname="TMPro.FontAssetCreationSettings" preserve="nothing" serialized="true" />
    <type fullname="TMPro.KerningTable" preserve="nothing" serialized="true" />
    <type fullname="TMPro.TMP_Character" preserve="nothing" serialized="true" />
    <type fullname="TMPro.TMP_FontFeatureTable" preserve="nothing" serialized="true" />
    <type fullname="TMPro.TMP_FontWeightPair" preserve="nothing" serialized="true" />
    <type fullname="TMPro.TMP_GlyphAdjustmentRecord" preserve="nothing" serialized="true" />
    <type fullname="TMPro.TMP_GlyphPairAdjustmentRecord" preserve="nothing" serialized="true" />
    <type fullname="TMPro.TMP_GlyphValueRecord" preserve="nothing" serialized="true" />
    <type fullname="TMPro.TMP_Sprite" preserve="nothing" serialized="true" />
    <type fullname="TMPro.TMP_SpriteCharacter" preserve="nothing" serialized="true" />
    <type fullname="TMPro.TMP_SpriteGlyph" preserve="nothing" serialized="true" />
    <type fullname="TMPro.TMP_Style" preserve="nothing" serialized="true" />
    <type fullname="TMPro.VertexGradient" preserve="nothing" serialized="true" />
  </assembly>
  <assembly fullname="UnityEngine.AudioModule, Version=0.0.0.0, Culture=neutral, PublicKeyToken=null">
    <type fullname="UnityEngine.AudioClip" preserve="all" />
    <type fullname="UnityEngine.AudioListener" preserve="all" />
  </assembly>
  <assembly fullname="UnityEngine.CoreModule, Version=0.0.0.0, Culture=neutral, PublicKeyToken=null">
    <type fullname="UnityEngine.Camera" preserve="all" />
    <type fullname="UnityEngine.GameObject" preserve="all" />
    <type fullname="UnityEngine.LightmapSettings" preserve="all" />
    <type fullname="UnityEngine.LineRenderer" preserve="all" />
    <type fullname="UnityEngine.Material" preserve="all" />
    <type fullname="UnityEngine.Object" preserve="all" />
    <type fullname="UnityEngine.RectTransform" preserve="all" />
    <type fullname="UnityEngine.Rendering.SortingGroup" preserve="all" />
    <type fullname="UnityEngine.RenderSettings" preserve="all" />
    <type fullname="UnityEngine.Shader" preserve="all" />
    <type fullname="UnityEngine.Sprite" preserve="all" />
    <type fullname="UnityEngine.SpriteRenderer" preserve="all" />
    <type fullname="UnityEngine.TextAsset" preserve="all" />
    <type fullname="UnityEngine.Texture2D" preserve="all" />
    <type fullname="UnityEngine.Transform" preserve="all" />
    <type fullname="UnityEngine.Events.ArgumentCache" preserve="nothing" serialized="true" />
    <type fullname="UnityEngine.Events.PersistentCallGroup" preserve="nothing" serialized="true" />
    <type fullname="UnityEngine.Events.PersistentListenerMode" preserve="nothing" serialized="true" />
    <type fullname="UnityEngine.Events.UnityEvent" preserve="nothing" serialized="true" />
    <type fullname="UnityEngine.RectOffset" preserve="nothing" serialized="true" />
  </assembly>
  <assembly fullname="UnityEngine.GridModule, Version=0.0.0.0, Culture=neutral, PublicKeyToken=null">
    <type fullname="UnityEngine.Grid" preserve="all" />
  </assembly>
  <assembly fullname="UnityEngine.ParticleSystemModule, Version=0.0.0.0, Culture=neutral, PublicKeyToken=null">
    <type fullname="UnityEngine.ParticleSystem" preserve="all" />
    <type fullname="UnityEngine.ParticleSystemRenderer" preserve="all" />
  </assembly>
  <assembly fullname="UnityEngine.Physics2DModule, Version=0.0.0.0, Culture=neutral, PublicKeyToken=null">
    <type fullname="UnityEngine.BoxCollider2D" preserve="all" />
    <type fullname="UnityEngine.CircleCollider2D" preserve="all" />
  </assembly>
  <assembly fullname="UnityEngine.SpriteMaskModule, Version=0.0.0.0, Culture=neutral, PublicKeyToken=null">
    <type fullname="UnityEngine.SpriteMask" preserve="all" />
  </assembly>
  <assembly fullname="UnityEngine.TextRenderingModule, Version=0.0.0.0, Culture=neutral, PublicKeyToken=null">
    <type fullname="UnityEngine.Font" preserve="all" />
  </assembly>
  <assembly fullname="UnityEngine.TilemapModule, Version=0.0.0.0, Culture=neutral, PublicKeyToken=null">
    <type fullname="UnityEngine.Tilemaps.Tilemap" preserve="all" />
    <type fullname="UnityEngine.Tilemaps.TilemapRenderer" preserve="all" />
  </assembly>
  <assembly fullname="UnityEngine.UI, Version=1.0.0.0, Culture=neutral, PublicKeyToken=null">
    <type fullname="UnityEngine.EventSystems.PhysicsRaycaster" preserve="all" />
    <type fullname="UnityEngine.UI.Button" preserve="all" />
    <type fullname="UnityEngine.UI.CanvasScaler" preserve="all" />
    <type fullname="UnityEngine.UI.GraphicRaycaster" preserve="all" />
    <type fullname="UnityEngine.UI.GridLayoutGroup" preserve="all" />
    <type fullname="UnityEngine.UI.Image" preserve="all" />
    <type fullname="UnityEngine.UI.LayoutElement" preserve="all" />
    <type fullname="UnityEngine.UI.Mask" preserve="all" />
    <type fullname="UnityEngine.UI.AnimationTriggers" preserve="nothing" serialized="true" />
    <type fullname="UnityEngine.UI.Button/ButtonClickedEvent" preserve="nothing" serialized="true" />
    <type fullname="UnityEngine.UI.ColorBlock" preserve="nothing" serialized="true" />
    <type fullname="UnityEngine.UI.MaskableGraphic/CullStateChangedEvent" preserve="nothing" serialized="true" />
    <type fullname="UnityEngine.UI.Navigation" preserve="nothing" serialized="true" />
    <type fullname="UnityEngine.UI.SpriteState" preserve="nothing" serialized="true" />
  </assembly>
  <assembly fullname="UnityEngine.UIElementsModule, Version=0.0.0.0, Culture=neutral, PublicKeyToken=null">
    <type fullname="UnityEngine.UIElements.PanelSettings" preserve="all" />
    <type fullname="UnityEngine.UIElements.StyleSheet" preserve="all" />
    <type fullname="UnityEngine.UIElements.ThemeStyleSheet" preserve="all" />
    <type fullname="UnityEngine.UIElements.UIDocument" preserve="all" />
    <type fullname="UnityEngine.UIElements.VisualTreeAsset" preserve="all" />
    <type fullname="UnityEngine.UIElements.Button/UxmlFactory" preserve="nothing" serialized="true" />
    <type fullname="UnityEngine.UIElements.DropdownField/UxmlFactory" preserve="nothing" serialized="true" />
    <type fullname="UnityEngine.UIElements.DynamicAtlasSettings" preserve="nothing" serialized="true" />
    <type fullname="UnityEngine.UIElements.Label/UxmlFactory" preserve="nothing" serialized="true" />
    <type fullname="UnityEngine.UIElements.ScrollView/UxmlFactory" preserve="nothing" serialized="true" />
    <type fullname="UnityEngine.UIElements.Slider/UxmlFactory" preserve="nothing" serialized="true" />
    <type fullname="UnityEngine.UIElements.SliderInt/UxmlFactory" preserve="nothing" serialized="true" />
    <type fullname="UnityEngine.UIElements.StyleComplexSelector" preserve="nothing" serialized="true" />
    <type fullname="UnityEngine.UIElements.StyleProperty" preserve="nothing" serialized="true" />
    <type fullname="UnityEngine.UIElements.StyleRule" preserve="nothing" serialized="true" />
    <type fullname="UnityEngine.UIElements.StyleSelector" preserve="nothing" serialized="true" />
    <type fullname="UnityEngine.UIElements.StyleSelectorPart" preserve="nothing" serialized="true" />
    <type fullname="UnityEngine.UIElements.StyleSheet/ImportStruct" preserve="nothing" serialized="true" />
    <type fullname="UnityEngine.UIElements.StyleSheets.Dimension" preserve="nothing" serialized="true" />
    <type fullname="UnityEngine.UIElements.StyleSheets.ScalableImage" preserve="nothing" serialized="true" />
    <type fullname="UnityEngine.UIElements.StyleValueHandle" preserve="nothing" serialized="true" />
    <type fullname="UnityEngine.UIElements.TemplateAsset" preserve="nothing" serialized="true" />
    <type fullname="UnityEngine.UIElements.TextField/UxmlFactory" preserve="nothing" serialized="true" />
    <type fullname="UnityEngine.UIElements.Toggle/UxmlFactory" preserve="nothing" serialized="true" />
    <type fullname="UnityEngine.UIElements.UxmlRootElementFactory" preserve="nothing" serialized="true" />
    <type fullname="UnityEngine.UIElements.VisualElement/UxmlFactory" preserve="nothing" serialized="true" />
    <type fullname="UnityEngine.UIElements.VisualElementAsset" preserve="nothing" serialized="true" />
    <type fullname="UnityEngine.UIElements.VisualTreeAsset/UsingEntry" preserve="nothing" serialized="true" />
  </assembly>
  <assembly fullname="UnityEngine.UIModule, Version=0.0.0.0, Culture=neutral, PublicKeyToken=null">
    <type fullname="UnityEngine.Canvas" preserve="all" />
    <type fullname="UnityEngine.CanvasRenderer" preserve="all" />
  </assembly>
  <assembly fullname="UnityEngine.TextCoreFontEngineModule">
    <type fullname="UnityEngine.TextCore.FaceInfo" preserve="nothing" serialized="true" />
    <type fullname="UnityEngine.TextCore.Glyph" preserve="nothing" serialized="true" />
    <type fullname="UnityEngine.TextCore.GlyphMetrics" preserve="nothing" serialized="true" />
    <type fullname="UnityEngine.TextCore.GlyphRect" preserve="nothing" serialized="true" />
  </assembly>
</linker>